mach;aoa;cl;cm;fidelity
0.7;0.0;0.22206958830223372;-1.4435852991410562e-05;low
0.7;0.1666666666666666;0.24836858569630232;4.219837660099927e-06;low
0.7;0.3333333333333333;0.2754820580283269;-8.271854042997382e-07;low
0.7;0.5;0.2970209584340964;9.484166653681101e-08;low
0.7;0.6666666666666666;0.3183543003730397;9.272212607882577e-10;low
0.7;0.8333333333333333;0.34055229360206457;1.2822116448022245e-07;low
0.7;1.0;0.36291772862354577;-8.747573518022228e-07;low
0.7;1.1666666666666663;0.3843296862439399;3.5285055440386755e-06;low
0.7;1.3333333333333333;0.4053533353813662;-8.440457251413898e-06;low
0.7;1.5;0.4272932679113939;9.19453369743912e-06;low
0.7;1.6666666666666663;0.4490037303896667;9.745937464008292e-05;low
0.7;1.8333333333333333;0.4703394996381381;-0.0010958075788296;low
0.7;2.0;0.4874791145872293;0.0049980109585716;low
0.7;2.1666666666666665;0.5049776771690919;0.0110859191954345;low
0.7;2.333333333333333;0.5253104024674926;0.0098947395513644;low
0.7;2.5;0.5409478663743893;0.0099828654922479;low
0.7;2.6666666666666665;0.5562552316391228;0.0100004725257674;low
0.7;2.833333333333333;0.5758250474666766;0.0099885219082522;low
0.7;3.0;0.5939383486080395;0.0099929208910296;low
0.7;3.1666666666666665;0.6092596962160169;0.0099919113570062;low
0.7;3.333333333333333;0.624386230193321;0.0099920527730083;low
0.7;3.5;0.6336867658922645;0.0099920317961629;low
0.7;3.6666666666666665;0.6487322099667113;0.0099921955425631;low
0.7;3.833333333333333;0.661199634157994;0.0099912717344639;low
0.7;4.0;0.6709160823386285;0.0099946937450325;low
0.7058333333333333;0.0;0.22040450833521083;0.0018163302965872;low
0.7058333333333333;0.1666666666666666;0.24611900997544034;0.0018322519243085;low
0.7058333333333333;0.3333333333333333;0.2725250815342773;0.001829308395577;low
0.7058333333333333;0.5;0.2952592247394211;0.0018263657890353;low
0.7058333333333333;0.6666666666666666;0.3166427056733136;0.0018236864952889;low
0.7058333333333333;0.8333333333333333;0.34029658411282393;0.001905624516183;low
0.7058333333333333;1.0;0.3635750384175794;0.0012995985933842;low
0.7058333333333333;1.1666666666666663;0.3871013901552246;0.0009534537287031;low
0.7058333333333333;1.3333333333333333;0.41103791320271504;0.0011616809133456;low
0.7058333333333333;1.5;0.43406914228655574;0.0011025252001889;low
0.7058333333333333;1.6666666666666663;0.4562115021728306;0.0004390395107918;low
0.7058333333333333;1.8333333333333333;0.47775089555526407;-0.0005837567410364;low
0.7058333333333333;2.0;0.4962387592669039;0.0041488413158052;low
0.7058333333333333;2.1666666666666665;0.513778408319647;0.008415915023116;low
0.7058333333333333;2.333333333333333;0.5322300842994073;0.0068955706936388;low
0.7058333333333333;2.5;0.5483899664621337;0.0071292074024261;low
0.7058333333333333;2.6666666666666665;0.5615838555599377;0.0065105285498499;low
0.7058333333333333;2.833333333333333;0.5790992414988487;0.0058071444358415;low
0.7058333333333333;3.0;0.5956189119451163;0.0051477654192313;low
0.7058333333333333;3.1666666666666665;0.6086440418916751;0.0047371255704385;low
0.7058333333333333;3.333333333333333;0.6206831980178734;0.0047478985770025;low
0.7058333333333333;3.5;0.6288093975713382;0.0040827600073116;low
0.7058333333333333;3.6666666666666665;0.6409532828164521;0.0033750958448149;low
0.7058333333333333;3.833333333333333;0.6505830389218712;0.0027259902349675;low
0.7058333333333333;4.0;0.6587604328902296;0.0018781580769839;low
0.7116666666666667;0.0;0.21872034984494354;0.0034716151449994;low
0.7116666666666667;0.1666666666666666;0.24394200083416887;0.0034849506430165;low
0.7116666666666667;0.3333333333333333;0.2697530344866076;0.0034837097061397;low
0.7116666666666667;0.5;0.29356109867167995;0.0034778966339172;low
0.7116666666666667;0.6666666666666666;0.3149642843579249;0.0034733189678933;low
0.7116666666666667;0.8333333333333333;0.33985094937382976;0.00361541542829;low
0.7116666666666667;1.0;0.3639612548082531;0.0025644635801166;low
0.7116666666666667;1.1666666666666663;0.38929882612291195;0.001960342373325;low
0.7116666666666667;1.3333333333333333;0.415683757089542;0.0023309037960117;low
0.7116666666666667;1.5;0.4396538116653661;0.0022147217845718;low
0.7116666666666667;1.6666666666666663;0.46211003443249854;0.0009955107414946;low
0.7116666666666667;1.8333333333333333;0.48376083885191057;0.0001349540259013;low
0.7116666666666667;2.0;0.5033960169287297;0.0036779070047695;low
0.7116666666666667;2.1666666666666665;0.5209411470964836;0.0064167361964555;low
0.7116666666666667;2.333333333333333;0.5376873659000784;0.0046907203894973;low
0.7116666666666667;2.5;0.5542537642820944;0.00502879964081;low
0.7116666666666667;2.6666666666666665;0.5655949046585951;0.0039409564621756;low
0.7116666666666667;2.833333333333333;0.5812710162596547;0.0027286092964778;low
0.7116666666666667;3.0;0.596333192517889;0.0015800478524872;low
0.7116666666666667;3.1666666666666665;0.6072903257228147;0.0008675806468531;low
0.7116666666666667;3.333333333333333;0.6165917157696283;0.0008862036153515;low
0.7116666666666667;3.5;0.6237324181550957;-0.0002690154805429;low
0.7116666666666667;3.6666666666666665;0.6333055081428546;-0.0014994838850127;low
0.7116666666666667;3.833333333333333;0.6404263546953515;-0.0026207736638771;low
0.7116666666666667;4.0;0.6472419990956091;-0.0041173816125714;low
0.7174999999999999;0.0;0.2170170907920596;0.0049515571412033;low
0.7174999999999999;0.1666666666666666;0.24183767164813444;0.0049624541109804;low
0.7174999999999999;0.3333333333333333;0.26716628616471777;0.0049625153218424;low
0.7174999999999999;0.5;0.2919266585974168;0.0049548249282557;low
0.7174999999999999;0.6666666666666666;0.31331907736553005;0.0049490351982366;low
0.7174999999999999;0.8333333333333333;0.3392153276827597;0.0051296604613645;low
0.7174999999999999;1.0;0.3640764546478024;0.0037937415941275;low
0.7174999999999999;1.1666666666666663;0.390922925243372;0.0030241669944401;low
0.7174999999999999;1.3333333333333333;0.41929444326014265;0.0034992286012407;low
0.7174999999999999;1.5;0.444052234220479;0.0033457741893021;low
0.7174999999999999;1.6666666666666663;0.46670512069313796;0.0017668159605361;low
0.7174999999999999;1.8333333333333333;0.4883756904858104;0.0010602537986322;low
0.7174999999999999;2.0;0.508959585453942;0.0035852931558461;low
0.7174999999999999;2.1666666666666665;0.5264748404169046;0.0050890247614964;low
0.7174999999999999;2.333333333333333;0.5416883830121377;0.0032810268804875;low
0.7174999999999999;2.5;0.5585464081483209;0.0036823994555268;low
0.7174999999999999;2.6666666666666665;0.5682924869594033;0.0022928883085159;low
0.7174999999999999;2.833333333333333;0.5823422466860586;0.0007545418234856;low
0.7174999999999999;3.0;0.5960817342210032;-0.0007080497818713;low
0.7174999999999999;3.1666666666666665;0.6051977570354978;-0.0016141569064154;low
0.7174999999999999;3.333333333333333;0.6121105300129077;-0.0015904759585713;low
0.7174999999999999;3.5;0.6184550396633127;-0.0030600490694545;low
0.7174999999999999;3.6666666666666665;0.6257897592833125;-0.0046274758006197;low
0.7174999999999999;3.833333333333333;0.6307335019667946;-0.0060441069744236;low
0.7174999999999999;4.0;0.636366941272382;-0.0079858337374392;low
0.7233333333333333;0.0;0.21529470888484628;0.0062562800606679;low
0.7233333333333333;0.1666666666666666;0.239806132023926;0.0062648857965233;low
0.7233333333333333;0.3333333333333333;0.264765181227305;0.0062658491023254;low
0.7233333333333333;0.5;0.29035597995302004;0.0062572736741278;low
0.7233333333333333;0.6666666666666666;0.3117071248294866;0.0062509576038565;low
0.7233333333333333;0.8333333333333333;0.3383896310283642;0.0064485008680434;low
0.7233333333333333;1.0;0.36392066085913166;0.0049874534238314;low
0.7233333333333333;1.1666666666666663;0.3919743755801631;0.0041448985963638;low
0.7233333333333333;1.3333333333333333;0.42187275022454035;0.0046666557391988;low
0.7233333333333333;1.5;0.44726831343532975;0.00449567214611;low
0.7233333333333333;1.6666666666666663;0.47000127236195477;0.0027528760170951;low
0.7233333333333333;1.8333333333333333;0.491600332751402;0.0021920512703109;low
0.7233333333333333;2.0;0.512936222475264;0.0038710165109474;low
0.7233333333333333;2.1666666666666665;0.5303863967376139;0.004433207147615;low
0.7233333333333333;2.333333333333333;0.5442376322787423;0.0026670261435819;low
0.7233333333333333;2.5;0.5612731287831528;0.003090492290045;low
0.7233333333333333;2.6666666666666665;0.5696793644664101;0.0015670502197887;low
0.7233333333333333;2.833333333333333;0.5823138574620176;-0.0001140156558149;low
0.7233333333333333;3.0;0.5948643455834458;-0.0017151279125763;low
0.7233333333333333;3.1666666666666665;0.6023651134218005;-0.0027064408480549;low
0.7233333333333333;3.333333333333333;0.6072382674031246;-0.0026805005607309;low
0.7233333333333333;3.5;0.6129764426423531;-0.0042882588819726;low
0.7233333333333333;3.6666666666666665;0.6184068951482713;-0.0060062691702309;low
0.7233333333333333;3.833333333333333;0.6215082257516287;-0.0075408635443816;low
0.7233333333333333;4.0;0.6261410819109429;-0.009723267102031;low
0.7291666666666666;0.0;0.21355318157888276;0.007385893018304;low
0.7291666666666666;0.1666666666666666;0.23784748779169454;0.007392354531983;low
0.7291666666666666;0.3333333333333333;0.2625500396529876;0.0073938202042694;low
0.7291666666666666;0.5;0.2888491352402063;0.0073853513365399;low
0.7291666666666666;0.6666666666666666;0.31012846607657635;0.0073791941793112;low
0.7291666666666666;0.8333333333333333;0.3373737450746519;0.0075720596661821;low
0.7291666666666666;1.0;0.36349384244175104;0.0061456192552131;low
0.7291666666666666;1.1666666666666663;0.3924536225443748;0.005322506633686;low
0.7291666666666666;1.3333333333333333;0.42342066158017283;0.0058331856197254;low
0.7291666666666666;1.5;0.44930490264424033;0.0056644052161177;low
0.7291666666666666;1.6666666666666663;0.4720017245485029;0.0039535897258981;low
0.7291666666666666;1.8333333333333333;0.4934381760837331;0.0035302347618649;low
0.7291666666666666;2.0;0.5153307562081418;0.0045350254197318;low
0.7291666666666666;2.1666666666666665;0.532680697459355;0.0044494939961946;low
0.7291666666666666;2.333333333333333;0.5453379779442848;0.0028489516362938;low
0.7291666666666666;2.5;0.562437247783547;0.0032532915642551;low
0.7291666666666666;2.6666666666666665;0.5697569569270483;0.0017637620119087;low
0.7291666666666666;2.833333333333333;0.581185824083127;0.000123395491564;low
0.7291666666666666;3.0;0.5926800995737369;-0.0014405704950735;low
0.7291666666666666;3.1666666666666665;0.5987907397851441;-0.002408546568469;low
0.7291666666666666;3.333333333333333;0.6019734341264222;-0.0023831485338679;low
0.7291666666666666;3.5;0.6072957759973447;-0.0039527287031489;low
0.7291666666666666;3.6666666666666665;0.6111577600838609;-0.0056347131014724;low
0.7291666666666666;3.833333333333333;0.6127540936082537;-0.0071096676724174;low
0.7291666666666666;4.0;0.616569901404755;-0.0093279158967136;low
0.735;0.0;0.2117924860766693;0.0083404904798674;low
0.735;0.1666666666666666;0.23596184099803147;0.0083449545250765;low
0.735;0.3333333333333333;0.26052115668521564;0.0083465230928194;low
0.735;0.5;0.2874061940216803;0.0083391518547151;low
0.735;0.6666666666666666;0.30858313962575135;0.0083338385073735;low
0.735;0.8333333333333333;0.3361675291403465;0.0085004416531936;low
0.735;1.0;0.36279591446374737;0.0072682586722534;low
0.735;1.1666666666666663;0.3923608691409255;0.0065569590123138;low
0.735;1.3333333333333333;0.42393936800934295;0.0069988186523326;low
0.735;1.5;0.45016380835435466;0.0068519627899578;low
0.735;1.6666666666666663;0.47270844024211145;0.005368833880206;low
0.735;1.8333333333333333;0.49389116381594295;0.0050746722357787;low
0.735;2.0;0.5161460931988447;0.0055771998512793;low
0.735;2.1666666666666665;0.5333606049948557;0.0051378800760123;low
0.735;2.333333333333333;0.5449906561260857;0.0038267341856784;low
0.735;2.5;0.5620401830020606;0.0041707385782417;low
0.735;2.6666666666666665;0.5685253437677384;0.0028829370095886;low
0.735;2.833333333333333;0.5789571728284038;0.0014666499014937;low
0.735;3.0;0.5895273326569058;0.0001154545173661;low
0.735;3.1666666666666665;0.5944725470484956;-0.0007206716906879;low
0.735;3.333333333333333;0.5963144152908704;-0.0006986167447591;low
0.735;3.5;0.6014121568181099;-0.0020537088348563;low
0.735;3.6666666666666665;0.604043183737079;-0.0035131177420447;low
0.735;3.833333333333333;0.6044744937521457;-0.0047509156883557;low
0.735;4.0;0.6076585340414586;-0.0068001819403632;low
0.7408333333333332;0.0;0.2100125993272522;0.0091201522718326;low
0.7408333333333332;0.1666666666666666;0.23414928989910438;0.009122765368738;low
0.7408333333333332;0.3333333333333333;0.25867880278147276;0.009124037551473;low
0.7408333333333332;0.5;0.28602722291697363;0.0091187546518704;low
0.7408333333333332;0.6666666666666666;0.3070711831869085;0.0091149697687331;low
0.7408333333333332;0.8333333333333333;0.3347708161736182;0.0092337334182674;low
0.7408333333333332;1.0;0.36182673803978704;0.0083553906573413;low
0.7408333333333332;1.1666666666666663;0.39169607608083923;0.0078482220905675;low
0.7408333333333332;1.3333333333333333;0.42342926847885715;0.0081635552462057;low
0.7408333333333332;1.5;0.44984579235024247;0.0080583340878949;low
0.7408333333333332;1.6666666666666663;0.4721221128483648;0.0069984632676298;low
0.7408333333333332;1.8333333333333333;0.4929597748919128;0.0068252113123941;low
0.7408333333333332;2.0;0.5153832229925169;0.0069973514212264;low
0.7408333333333332;2.1666666666666665;0.5324269675034997;0.0064981442853405;low
0.7408333333333332;2.333333333333333;0.5431952766587632;0.0056000020212207;low
0.7408333333333332;2.5;0.5600814508448891;0.0058425025387492;low
0.7408333333333332;2.6666666666666665;0.5659832642021947;0.0049240820940888;low
0.7408333333333332;2.833333333333333;0.5756259796391971;0.0039150382954868;low
0.7408333333333332;3.0;0.5854036431029724;0.0029519953020771;low
0.7408333333333332;3.1666666666666665;0.5894080105251419;0.0023560640935051;low
0.7408333333333332;3.333333333333333;0.5902594742691486;0.002371979578701;low
0.7408333333333332;3.5;0.5953246701988493;0.0014073841375835;low
0.7408333333333332;3.6666666666666665;0.5970639809235413;0.0003567460438076;low
0.7408333333333332;3.833333333333333;0.5966726332685696;-0.0004667754979831;low
0.7408333333333332;4.0;0.5994117642559572;-0.0021426341701298;low
0.7466666666666666;0.0;0.2082134980258446;0.0097249435897387;low
0.7466666666666666;0.1666666666666666;0.23240992895405196;0.0097258520494346;low
0.7466666666666666;0.3333333333333333;0.2570232235667664;0.0097264286904338;low
0.7466666666666666;0.5;0.2847122855984603;0.0097242246434859;low
0.7466666666666666;0.6666666666666666;0.30559263365969025;0.009722652750207;low
0.7466666666666666;0.8333333333333333;0.33318341272208624;0.0097720033524673;low
0.7466666666666666;1.0;0.36058612029515363;0.0094070335916753;low
0.7466666666666666;1.1666666666666663;0.39045896175951494;0.0091962606803296;low
0.7466666666666666;1.3333333333333333;0.42188997064209804;0.0093273958102032;low
0.7466666666666666;1.5;0.44835057258171895;0.0092835081599485;low
0.7466666666666666;1.6666666666666663;0.47024216708539557;0.0088423106887765;low
0.7466666666666666;1.8333333333333333;0.4906430245350051;0.0087816792887271;low
0.7466666666666666;2.0;0.5130412197230779;0.0087952234343603;low
0.7466666666666666;2.1666666666666665;0.5298786202947798;0.0085298497407616;low
0.7466666666666666;2.333333333333333;0.5399498225120256;0.0081680809516076;low
0.7466666666666666;2.5;0.5565586654879884;0.0082679807083407;low
0.7466666666666666;2.6666666666666665;0.5621281155124737;0.0078862979749183;low
0.7466666666666666;2.833333333333333;0.5711893679048589;0.0074672679490008;low
0.7466666666666666;3.0;0.5803058885464302;0.007067316894971;low
0.7466666666666666;3.1666666666666665;0.5835941679516663;0.0068196199522319;low
0.7466666666666666;3.333333333333333;0.5838067519926478;0.006826607770598;low
0.7466666666666666;3.5;0.5890323690515631;0.0064279686664606;low
0.7466666666666666;3.6666666666666665;0.5902209514978087;0.0059716485230301;low
0.7466666666666666;3.833333333333333;0.5893515364242593;0.0057388159075479;low
0.7466666666666666;4.0;0.591834023146509;0.0046399946215928;low
0.7525;0.0;0.20639515861344332;0.010154915005007;low
0.7525;0.1666666666666666;0.23074384881863697;0.0101542649539548;low
0.7525;0.3333333333333333;0.2555546397914119;0.01015374695343;low
0.7525;0.5;0.283461442787551;0.010155612244064;low
0.7525;0.6666666666666666;0.30414752713231;0.0101569378514594;low
0.7525;0.8333333333333333;0.331405098898092;0.0101153016567082;low
0.7525;1.0;0.3590738143158117;0.0104232052556502;low
0.7525;1.1666666666666663;0.3886490021009848;0.0106010380482471;low
0.7525;1.3333333333333333;0.41932029044362246;0.0104903407528571;low
0.7525;1.5;0.44567682283510635;0.0105274738860183;low
0.7525;1.6666666666666663;0.4670667582402665;0.0109001869787248;low
0.7525;1.8333333333333333;0.4869384628731224;0.0109438831598018;low
0.7525;2.0;0.5091172406256248;0.0109704909426729;low
0.7525;2.1666666666666665;0.5257123839011415;0.0112323439526975;low
0.7525;2.333333333333333;0.5352506467816498;0.0115299946853871;low
0.7525;2.5;0.5514675350109288;0.0114462986772489;low
0.7525;2.6666666666666665;0.556955949502105;0.0117682796854838;low
0.7525;2.833333333333333;0.5656435051544431;0.0121214635452827;low
0.7525;3.0;0.5742301827960165;0.0124589025180472;low
0.7525;3.1666666666666665;0.5770276171826979;0.0126670356069583;low
0.7525;3.333333333333333;0.5769542661969167;0.0126623194102711;low
0.7525;3.5;0.5825342739132094;0.0130043006504257;low
0.7525;3.6666666666666665;0.5835148802262985;0.0133269044656944;low
0.7525;3.833333333333333;0.5825140430783996;0.013860156977711;low
0.7525;4.0;0.5849293852547554;0.013540813802988;low
0.7583333333333333;0.0;0.2045575572764416;0.0104101024702295;low
0.7583333333333333;0.1666666666666666;0.22915113633915687;0.0104080398746746;low
0.7583333333333333;0.3333333333333333;0.2542732472931086;0.0104060281229968;low
0.7583333333333333;0.5;0.2822747522510637;0.0104129533723789;low
0.7583333333333333;0.6666666666666666;0.3027358988804055;0.0104178610902296;low
0.7583333333333333;0.8333333333333333;0.3294356283392439;0.0102636603476121;low
0.7583333333333333;1.0;0.35728951908450274;0.0114039228292326;low
0.7583333333333333;1.1666666666666663;0.3862654302681475;0.0120625159169861;low
0.7583333333333333;1.3333333333333333;0.41571825092619824;0.011652390482373;low
0.7583333333333333;1.5;0.4418221711878568;0.011790219976011;low
0.7583333333333333;1.6666666666666663;0.462592769785212;0.0131718810313298;low
0.7583333333333333;1.8333333333333333;0.48184217151961656;0.0133116096425007;low
0.7583333333333333;2.0;0.5036065214707268;0.0135227608188745;low
0.7583333333333333;2.1666666666666665;0.5199230588193776;0.014604759087652;low
0.7583333333333333;2.333333333333333;0.5290924672524406;0.015684465295511;low
0.7583333333333333;2.5;0.5448018544467537;0.0153763107579201;low
0.7583333333333333;2.6666666666666665;0.550461467119962;0.0165683173026884;low
0.7583333333333333;2.833333333333333;0.5589835986533683;0.0178751684147555;low
0.7583333333333333;3.0;0.5671718918938616;0.0191234555064409;low
0.7583333333333333;3.1666666666666665;0.5697045135469383;0.0198944337907117;low
0.7583333333333333;3.333333333333333;0.5696999106183782;0.0198752527657591;low
0.7583333333333333;3.5;0.575829372746587;0.0211314769309186;low
0.7583333333333333;3.6666666666666665;0.5769465366627918;0.022416378041121;low
0.7583333333333333;3.833333333333333;0.5761628071932129;0.0238897881639722;low
0.7583333333333333;4.0;0.5787015656105038;0.0245507836713981;low
0.7641666666666667;0.0;0.20270066994623873;0.0104905273229293;low
0.7641666666666667;0.1666666666666666;0.2276318745466149;0.0104871980132973;low
0.7641666666666667;0.3333333333333333;0.2531792169633092;0.010483293324225;low
0.7641666666666667;0.5;0.28115226879777305;0.0104962694552186;low
0.7641666666666667;0.6666666666666666;0.3013577833659174;0.0105054441060679;low
0.7641666666666667;0.8333333333333333;0.32727472816422976;0.0102170932612434;low
0.7641666666666667;1.0;0.35523287940286297;0.0123492028923234;low
0.7641666666666667;1.1666666666666663;0.3833072362389399;0.0135806544665411;low
0.7641666666666667;1.3333333333333333;0.41108108024002527;0.0128135454066302;low
0.7641666666666667;1.5;0.4367831972461336;0.0130717349699694;low
0.7641666666666667;1.6666666666666663;0.4568158093530233;0.0156571598263581;low
0.7641666666666667;1.8333333333333333;0.475348758108887;0.0158846252019318;low
0.7641666666666667;2.0;0.4965023689187517;0.0164515718453665;low
0.7641666666666667;2.1666666666666665;0.5125034169183065;0.0186460123171663;low
0.7641666666666667;2.333333333333333;0.5214683585310272;0.0206299138277619;low
0.7641666666666667;2.5;0.5365534957447691;0.0200566005022489;low
0.7641666666666667;2.6666666666666665;0.5426380112528645;0.0222842968904752;low
0.7641666666666667;2.833333333333333;0.5512038899036509;0.0247253461599392;low
0.7641666666666667;3.0;0.5591256294229093;0.0270569018349947;low
0.7641666666666667;3.1666666666666665;0.5616205668639128;0.0284970234710578;low
0.7641666666666667;3.333333333333333;0.5620414541422358;0.0284606359974012;low
0.7641666666666667;3.5;0.5689166207349363;0.0308034398762451;low
0.7641666666666667;3.6666666666666665;0.5705166750265429;0.0332324892381411;low
0.7641666666666667;3.833333333333333;0.5703002954444211;0.0358185005164546;low
0.7641666666666667;4.0;0.5731539170419987;0.0376587269745511;low
0.77;0.0;0.2008244722988443;0.0103961962877928;low
0.77;0.1666666666666666;0.2261861426511468;0.0103917459830699;low
0.77;0.3333333333333333;0.25227269471788466;0.0103855490269739;low
0.77;0.5;0.28009404427513707;0.0104055674296158;low
0.77;0.6666666666666666;0.3000132142359947;0.0104196941625814;low
0.77;0.8333333333333333;0.32492209892389745;0.0099755960547228;low
0.77;1.0;0.35290348579956465;0.0132590614251077;low
0.77;1.1666666666666663;0.379773166248409;0.0151554123355956;low
0.77;1.3333333333333333;0.40540520885373116;0.0139738059331819;low
0.77;1.5;0.4305554281646408;0.0143720072382033;low
0.77;1.6666666666666663;0.4497302030703853;0.0183557684594523;low
0.77;1.8333333333333333;0.46745134878486355;0.018662676080312;low
0.77;2.0;0.48779614979118013;0.0197563948186734;low
0.77;2.1666666666666665;0.503444189509089;0.0233548062534866;low
0.77;2.333333333333333;0.5123697417454612;0.0263644610530609;low
0.77;2.5;0.5267123946419571;0.025485481341502;low
0.77;2.6666666666666665;0.5334775576843012;0.0289137016673118;low
0.77;2.833333333333333;0.542297648046017;0.0326683826658934;low
0.77;3.0;0.5500852510613458;0.0362543932443282;low
0.77;3.1666666666666665;0.5527710381208514;0.0384691038377996;low
0.77;3.333333333333333;0.5539765399014975;0.0384127911215554;low
0.77;3.5;0.5617949400702508;0.0420129830532391;low
0.77;3.6666666666666665;0.5642260340830042;0.0457662218093844;low
0.77;3.833333333333333;0.5649287859318372;0.0496353463157192;low
0.77;4.0;0.5682894277523153;0.0528513431841495;low
0.7758333333333333;0.0;0.19891595180616667;0.0101302577226834;low
0.7758333333333333;0.1666666666666666;0.22479990218593024;0.0101248464609628;low
0.7758333333333333;0.3333333333333333;0.25153802624082794;0.0101159652325203;low
0.7758333333333333;0.5;0.279086860044976;0.0101439873803359;low
0.7758333333333333;0.6666666666666666;0.29869241789583456;0.0101637299262568;low
0.7758333333333333;0.8333333333333333;0.32237357096204516;0.009542958051085;low
0.7758333333333333;1.0;0.35029854336614086;0.0141322651875232;low
0.7758333333333333;1.1666666666666663;0.3756656105943168;0.0167834323024991;low
0.7758333333333333;1.3333333333333333;0.3986998156243477;0.0151327254429937;low
0.7758333333333333;1.5;0.42314971277277563;0.0156898466710387;low
0.7758333333333333;1.6666666666666663;0.44134929204722945;0.0212603229860353;low
0.7758333333333333;1.8333333333333333;0.4581655250891057;0.0216380622676612;low
0.7758333333333333;2.0;0.4775052706177818;0.0234269077752935;low
0.7758333333333333;2.1666666666666665;0.49276296637578176;0.0287136604203038;low
0.7758333333333333;2.333333333333333;0.5018133420356692;0.0328657135161706;low
0.7758333333333333;2.5;0.5152959621538299;0.0316436611460502;low
0.7758333333333333;2.6666666666666665;0.5229960975289174;0.0364313278436218;low
0.7758333333333333;2.833333333333333;0.5322796787634517;0.0416719780055331;low
0.7758333333333333;3.0;0.5400648501926972;0.0466776756318715;low
0.7758333333333333;3.1666666666666665;0.5431686520180901;0.0497692914768053;low
0.7758333333333333;3.333333333333333;0.5455148938200892;0.0496902922247445;low
0.7758333333333333;3.5;0.5544695743837664;0.0547116026130206;low
0.7758333333333333;3.6666666666666665;0.5580749408118262;0.0599614154106342;low
0.7758333333333333;3.833333333333333;0.5600432866573692;0.0652764039138484;low
0.7758333333333333;4.0;0.5640994831403067;0.0700560352566369;low
0.7816666666666666;0.0;0.19618236828456487;0.0098852311873539;low
0.7816666666666666;0.1666666666666666;0.22261190987604138;0.0098798977836843;low
0.7816666666666666;0.3333333333333333;0.25001277253645077;0.0098683997231044;low
0.7816666666666666;0.5;0.27732117011356866;0.0099035240188658;low
0.7816666666666666;0.6666666666666666;0.2967969953632898;0.0099282130269565;low
0.7816666666666666;0.8333333333333333;0.31939416285231875;0.0091516810053151;low
0.7816666666666666;1.0;0.3472752319332998;0.0148926732884666;low
0.7816666666666666;1.1666666666666663;0.3712203033427828;0.0182625500193574;low
0.7816666666666666;1.3333333333333333;0.3917878269496288;0.016263040967718;low
0.7816666666666666;1.5;0.41556071187279736;0.0169533800261031;low
0.7816666666666666;1.6666666666666663;0.4329063039980783;0.0239371972035539;low
0.7816666666666666;1.8333333333333333;0.44894600146422886;0.0243577243371798;low
0.7816666666666666;2.0;0.4673297864725095;0.0268696004939717;low
0.7816666666666666;2.1666666666666665;0.48221551650396827;0.0337476436622378;low
0.7816666666666666;2.333333333333333;0.4914373610492053;0.0388994711610205;low
0.7816666666666666;2.5;0.5040911550384728;0.0374725400398899;low
0.7816666666666666;2.6666666666666665;0.5127364463401509;0.0434762099920383;low
0.7816666666666666;2.833333333333333;0.5225186814055514;0.0500192961147223;low
0.7816666666666666;3.0;0.5303414618498535;0.0563331935131705;low
0.7816666666666666;3.1666666666666665;0.5339035622057768;0.0602727988959618;low
0.7816666666666666;3.333333333333333;0.537400401352946;0.0601641753361936;low
0.7816666666666666;3.5;0.5473277871937096;0.0664457137211268;low
0.7816666666666666;3.6666666666666665;0.5520398939359742;0.0730242897020518;low
0.7816666666666666;3.833333333333333;0.5552132524436865;0.0796096053503849;low
0.7816666666666666;4.0;0.5599002193271011;0.0857770560240836;low
0.7875;0.0;0.19215386701932385;0.0097747514082066;low
0.7875;0.1666666666666666;0.21911218205527494;0.0097710534283759;low
0.7875;0.3333333333333333;0.24712761309989623;0.0097572773621456;low
0.7875;0.5;0.274317867952542;0.009797501955781;low
0.7875;0.6666666666666666;0.2939727460874005;0.0098256808281505;low
0.7875;0.8333333333333333;0.3158443612266896;0.0089390137711944;low
0.7875;1.0;0.3437485783858521;0.0154953863513063;low
0.7875;1.1666666666666663;0.3665764496049057;0.0194736076176623;low
0.7875;1.3333333333333333;0.3851576759525445;0.0173486806736277;low
0.7875;1.5;0.4083793111264026;0.0181202374729776;low
0.7875;1.6666666666666663;0.42513489771412605;0.0261310276215693;low
0.7875;1.8333333333333333;0.44065931231081196;0.0265548719987837;low
0.7875;2.0;0.45828353173486663;0.0297351131954115;low
0.7875;2.1666666666666665;0.4728494092511458;0.0378835172038405;low
0.7875;2.333333333333333;0.48221929400369284;0.0437406506229523;low
0.7875;2.5;0.49416527630873813;0.0423500255158628;low
0.7875;2.6666666666666665;0.5036193308233459;0.0492493472713675;low
0.7875;2.833333333333333;0.5138312656186127;0.056703481706335;low
0.7875;3.0;0.5216771889570591;0.0640529784885559;low
0.7875;3.1666666666666665;0.5256262735590307;0.0687355359109632;low
0.7875;3.333333333333333;0.5300766520687721;0.0685878870370692;low
0.7875;3.5;0.5406002511071293;0.075780148702492;low
0.7875;3.6666666666666665;0.5461071644346142;0.0833224325087369;low
0.7875;3.833333333333333;0.5501833724885391;0.0908067712203596;low
0.7875;4.0;0.5552862134358519;0.0979762117521411;low
0.7933333333333333;0.0;0.18682680643594884;0.0097988254967985;low
0.7933333333333333;0.1666666666666666;0.21429748811388527;0.0097983204824186;low
0.7933333333333333;0.3333333333333333;0.24287976360207852;0.0097826054033584;low
0.7933333333333333;0.5;0.2700742952430175;0.0098259280103622;low
0.7933333333333333;0.6666666666666666;0.2902177836972356;0.0098561398532273;low
0.7933333333333333;0.8333333333333333;0.3117227036473628;0.008904974519191;low
0.7933333333333333;1.0;0.33971729062355305;0.0159404498749018;low
0.7933333333333333;1.1666666666666663;0.3617333836102674;0.020416760535675;low
0.7933333333333333;1.3333333333333333;0.37881078753377273;0.0183896677168766;low
0.7933333333333333;1.5;0.4016077475154146;0.0191904729552073;low
0.7933333333333333;1.6666666666666663;0.41803905734022173;0.0278423218688312;low
0.7933333333333333;1.8333333333333333;0.43331137097961836;0.0282300552842939;low
0.7933333333333333;2.0;0.45037436512006485;0.0320242381257693;low
0.7933333333333333;2.1666666666666665;0.4646731995410769;0.0411230614007967;low
0.7933333333333333;2.333333333333333;0.47416741573034893;0.0473920215027678;low
0.7933333333333333;2.5;0.4855282146218642;0.046278341556131;low
0.7933333333333333;2.6666666666666665;0.4956528792512852;0.0537542616590306;low
0.7933333333333333;2.833333333333333;0.5062247274344588;0.0617298733336482;low
0.7933333333333333;3.0;0.514079228451252;0.0698442113852987;low
0.7933333333333333;3.1666666666666665;0.5183432033980845;0.0751658028912753;low
0.7933333333333333;3.333333333333333;0.5235481939761029;0.0749697278299661;low
0.7933333333333333;3.5;0.5342891783262232;0.0827256833182135;low
0.7933333333333333;3.6666666666666665;0.5402772558772386;0.0908695532715624;low
0.7933333333333333;3.833333333333333;0.5449528823561861;0.0988848263738675;low
0.7933333333333333;4.0;0.5502559868421687;0.1066742271612406;low
0.7991666666666666;0.0;0.1801963696796647;0.0099574519034837;low
0.7991666666666666;0.1666666666666666;0.20816338238123147;0.0099616971703201;low
0.7991666666666666;0.3333333333333333;0.23726512366577118;0.0099443821934058;low
0.7991666666666666;0.5;0.26458669492976566;0.0099888003542584;low
0.7991666666666666;0.6666666666666666;0.2855295996059651;0.0100195881642949;low
0.7991666666666666;0.8333333333333333;0.3070274916249387;0.0090495661576616;low
0.7991666666666666;1.0;0.3351798912549273;0.0162278974564292;low
0.7991666666666666;1.1666666666666663;0.3566904107916041;0.0210921298210651;low
0.7991666666666666;1.3333333333333333;0.3727485264064414;0.0193860243002552;low
0.7991666666666666;1.5;0.39524813151732474;0.020164135947306;low
0.7991666666666666;1.6666666666666663;0.4116224228192518;0.029071475889225;low
0.7991666666666666;1.8333333333333333;0.42690742420272915;0.0293836935247104;low
0.7991666666666666;2.0;0.4436091622324085;0.0337376081077964;low
0.7991666666666666;2.1666666666666665;0.45769436081026244;0.043467670560356;low
0.7991666666666666;2.333333333333333;0.4672889593401036;0.0498556723602327;low
0.7991666666666666;2.5;0.4781885812925694;0.0492592790307217;low
0.7991666666666666;2.6666666666666665;0.48884419911111315;0.0569937008607862;low
0.7991666666666666;2.833333333333333;0.49970545950928486;0.0651024845337507;low
0.7991666666666666;3.0;0.5075538958951837;0.0737122776253926;low
0.7991666666666666;3.1666666666666665;0.5120600019696437;0.079569904798097;low
0.7991666666666666;3.333333333333333;0.5178190836077934;0.0793159842953315;low
0.7991666666666666;3.5;0.5283966452832263;0.087290332862461;low
0.7991666666666666;3.6666666666666665;0.5345506633727775;0.0956756954030803;low
0.7991666666666666;3.833333333333333;0.5395209867858302;0.1038559761292258;low
0.7991666666666666;4.0;0.5448079268811016;0.1118858725497613;low
0.8049999999999999;0.0;0.17225655907011483;0.0102506204175376;low
0.8049999999999999;0.1666666666666666;0.20070419888117522;0.0102611728538596;low
0.8049999999999999;0.3333333333333333;0.23027827179025154;0.0102425971720346;low
0.8049999999999999;0.5;0.257850206943417;0.0102861085116338;low
0.8049999999999999;0.6666666666666666;0.2799050608507918;0.0103160153623345;low
0.8049999999999999;0.8333333333333333;0.30175678971550585;0.0093727763325409;low
0.8049999999999999;1.0;0.33013471689681045;0.0163577507945548;low
0.8049999999999999;1.1666666666666663;0.35144680765687086;0.0214998021503551;low
0.8049999999999999;1.3333333333333333;0.3669721967075102;0.0203377716737823;low
0.8049999999999999;1.5;0.38930244623464966;0.0210412714576179;low
0.8049999999999999;1.6666666666666663;0.40588828742568883;0.0298187740564685;low
0.8049999999999999;1.8333333333333333;0.4214520471449434;0.0300160754816419;low
0.8049999999999999;2.0;0.4379938076565379;0.0348756967598817;low
0.8049999999999999;2.1666666666666665;0.4519192759532806;0.0449183536930541;low
0.8049999999999999;2.333333333333333;0.46159010760233055;0.0511330122112563;low
0.8049999999999999;2.5;0.47215369888325687;0.0512941967202349;low
0.8049999999999999;2.6666666666666665;0.48319936867062874;0.0589696404112393;low
0.8049999999999999;2.833333333333333;0.49427894397114885;0.0668240078467684;low
0.8049999999999999;3.0;0.5021066184818351;0.0756607735089075;low
0.8049999999999999;3.1666666666666665;0.5067815466033136;0.0819521589418949;low
0.8049999999999999;3.333333333333333;0.5128928826590443;0.08163093686249;low
0.8049999999999999;3.5;0.5229245917240473;0.0894793637759184;low
0.8049999999999999;3.6666666666666665;0.5289278735118337;0.0977472530772763;low
0.8049999999999999;3.833333333333333;0.5338868595334186;0.1057277294520768;low
0.8049999999999999;4.0;0.5389402861643394;0.1136199953353084;low
0.8108333333333333;0.0;0.16300018920779616;0.0106783121679793;low
0.8108333333333333;0.1666666666666666;0.19191304465769227;0.0106967280329545;low
0.8108333333333333;0.3333333333333333;0.22191245864952344;0.0106772308729375;low
0.8108333333333333;0.5;0.24985886267393784;0.010717833360011;low
0.8108333333333333;0.6666666666666666;0.2733404073982695;0.0107454025880288;low
0.8108333333333333;0.8333333333333333;0.2959084244929712;0.0098745774286619;low
0.8108333333333333;1.0;0.32457991738659947;0.0163300196914856;low
0.8108333333333333;1.1666666666666663;0.34600182165615256;0.0216398298428466;low
0.8108333333333333;1.3333333333333333;0.36148304162698686;0.0212449301352711;low
0.8108333333333333;1.5;0.3837725465781956;0.021821920030919;low
0.8108333333333333;1.6666666666666663;0.4008395955378705;0.030084389256513;low
0.8108333333333333;1.8333333333333333;0.41694913909610937;0.0301273594378376;low
0.8108333333333333;2.0;0.433533188201157;0.0354388186600519;low
0.8108333333333333;2.1666666666666665;0.44735322960415974;0.0454757350570083;low
0.8108333333333333;2.333333333333333;0.45707598558932316;0.0512247715385546;low
0.8108333333333333;2.5;0.4674295915212005;0.0523840220923295;low
0.8108333333333333;2.6666666666666665;0.4787234297791725;0.0596832851852168;low
0.8108333333333333;2.833333333333333;0.48994974629703086;0.0668958175144662;low
0.8108333333333333;3.0;0.4977419290334333;0.0756915104139295;low
0.8108333333333333;3.1666666666666665;0.5025119366759083;0.0823149003000627;low
0.8108333333333333;3.333333333333333;0.50877265504004;0.0819168651064312;low
0.8108333333333333;3.5;0.5178748198535171;0.0892953012850838;low
0.8108333333333333;3.6666666666666665;0.5234093643099927;0.0970869819318969;low
0.8108333333333333;3.833333333333333;0.5280496432075082;0.1045029132340646;low
0.8108333333333333;4.0;0.5326511818413474;0.1118795389739431;low
0.8166666666666667;0.0;0.15241887873163698;0.0112404996250914;low
0.8166666666666667;0.1666666666666666;0.18178179166997996;0.0112683343472486;low
0.8166666666666667;0.3333333333333333;0.21215959876321613;0.011248254925343;low
0.8166666666666667;0.5;0.24060557819460196;0.0112839471318095;low
0.8166666666666667;0.6666666666666666;0.265831248914695;0.0113077225232626;low
0.8166666666666667;0.8333333333333333;0.28947998339654984;0.0105549265727074;low
0.8166666666666667;1.0;0.31851345490715305;0.0161447020538949;low
0.8166666666666667;1.1666666666666663;0.34035467104342154;0.0215122308690263;low
0.8166666666666667;1.3333333333333333;0.35628224305500056;0.0221075190308707;low
0.8166666666666667;1.5;0.3786601585043084;0.0225061177507631;low
0.8166666666666667;1.6666666666666663;0.3964789406493659;0.0298683829376491;low
0.8166666666666667;1.8333333333333333;0.4134019198053554;0.0297175732468205;low
0.8166666666666667;2.0;0.43023118729714693;0.0354271294549333;low
0.8166666666666667;2.1666666666666665;0.4440004017561495;0.0451400544947916;low
0.8166666666666667;2.333333333333333;0.453750654588771;0.0501310028158071;low
0.8166666666666667;2.5;0.46402097694609545;0.0525292518319968;low
0.8166666666666667;2.6666666666666665;0.47542038190538577;0.0591350703200296;low
0.8166666666666667;2.833333333333333;0.48672151022132426;0.0653179708582779;low
0.8166666666666667;3.0;0.49446346099689886;0.0738045169131985;low
0.8166666666666667;3.1666666666666665;0.4992544893850843;0.0806584843948605;low
0.8166666666666667;3.333333333333333;0.5054609643438797;0.0801740505705137;low
0.8166666666666667;3.5;0.5132489935423552;0.0867379330677125;low
0.8166666666666667;3.6666666666666665;0.5179956051522034;0.0936940036838673;low
0.8166666666666667;3.833333333333333;0.5220084490991832;0.1001796776719441;low
0.8166666666666667;4.0;0.5259385948043716;0.1066615492587556;low
0.8225;0.0;0.1405030407271242;0.0119371466026371;low
0.8225;0.1666666666666666;0.1703010672562963;0.0119759545784232;low
0.8225;0.3333333333333333;0.20101026053915097;0.0119556320563323;low
0.8225;0.5;0.2300821462355984;0.0119844134165803;low
0.8225;0.6666666666666666;0.2573725610012338;0.0120029393932979;low
0.8225;0.8333333333333333;0.2824688134533379;0.0114137656377932;low
0.8225;1.0;0.311933103024286;0.0158017838927247;low
0.8225;1.1666666666666663;0.33450454473313534;0.0211169888534541;low
0.8225;1.3333333333333333;0.35137092124675817;0.0229255567555817;low
0.8225;1.5;0.3739668783061892;0.0230938962415685;low
0.8225;1.6666666666666663;0.39280856361974587;0.0291707051283174;low
0.8225;1.8333333333333333;0.41081292645801404;0.0287866143416219;low
0.8225;2.0;0.42809068055159666;0.034840625913671;low
0.8225;2.1666666666666665;0.44186386272176625;0.043911167562886;low
0.8225;2.333333333333333;0.4516171072860317;0.0478510805453144;low
0.8225;2.5;0.4619312602906341;0.0517299521256247;low
0.8225;2.6666666666666665;0.473293177413676;0.0573246615486332;low
0.8225;2.833333333333333;0.4845969536772581;0.0620892083367964;low
0.8225;3.0;0.49227394443720834;0.0699980388075022;low
0.8225;3.1666666666666665;0.49701173633347767;0.0769812877317258;low
0.8225;3.333333333333333;0.5029598717303807;0.0764007771151782;low
0.8225;3.5;0.5090486375959629;0.0818043089445647;low
0.8225;3.6666666666666665;0.5126870567382353;0.08756380465805;low
0.8225;3.833333333333333;0.5157623570060269;0.0927514927474857;low
0.8225;4.0;0.5188003688372337;0.0979571679982912;low
0.8283333333333333;0.0;0.12750580691314656;0.0128204783304653;low
0.8283333333333333;0.1666666666666666;0.15767418504895592;0.0128698154144933;low
0.8283333333333333;0.3333333333333333;0.18862387231993866;0.0128499400852512;low
0.8283333333333333;0.5;0.21837909055364227;0.0128702295757774;low
0.8283333333333333;0.6666666666666666;0.24791528219814282;0.0128824218315974;low
0.8283333333333333;0.8333333333333333;0.2746861132215132;0.0124910733227187;low
0.8283333333333333;1.0;0.3045908667824786;0.0154249648718685;low
0.8283333333333333;1.1666666666666663;0.32810841682937586;0.0205986073610133;low
0.8283333333333333;1.3333333333333333;0.3462807797390413;0.0237800963487159;low
0.8283333333333333;1.5;0.36917522621426;0.0236800509304356;low
0.8283333333333333;1.6666666666666663;0.38922132819202726;0.0281798980302689;low
0.8283333333333333;1.8333333333333333;0.4084844240606561;0.0275377004064108;low
0.8283333333333333;2.0;0.42635387339138786;0.0338696130450889;low
0.8283333333333333;2.1666666666666665;0.440171517311281;0.0420444601055917;low
0.8283333333333333;2.333333333333333;0.4499102906942424;0.0447297568101416;low
0.8283333333333333;2.5;0.46037315828920605;0.0502389144247685;low
0.8283333333333333;2.6666666666666665;0.4715828164472499;0.0545793153085452;low
0.8283333333333333;2.833333333333333;0.4828301339449284;0.0576338127723449;low
0.8283333333333333;3.0;0.4904384513831705;0.0647546306069577;low
0.8283333333333333;3.1666666666666665;0.4950766475776757;0.0717816954229002;low
0.8283333333333333;3.333333333333333;0.5006172427840119;0.0710989450586963;low
0.8283333333333333;3.5;0.5047463807133207;0.0750793622830446;low
0.8283333333333333;3.6666666666666665;0.5070583505198484;0.0793645724170237;low
0.8283333333333333;3.833333333333333;0.5089823948910547;0.0829884682681927;low
0.8283333333333333;4.0;0.5109864664235075;0.0866395928873912;low
0.8341666666666666;0.0;0.11462561722090465;0.0141288518020938;low
0.8341666666666666;0.1666666666666666;0.1448703934529544;0.0141791619775762;low
0.8341666666666666;0.3333333333333333;0.17576890556222602;0.0141620258969095;low
0.8341666666666666;0.5;0.20594381577238194;0.014174152926687;low
0.8341666666666666;0.6666666666666666;0.23725428371252957;0.0141806182646372;low
0.8341666666666666;0.8333333333333333;0.2652775978527768;0.0139694335001713;low
0.8341666666666666;1.0;0.29535992454950655;0.0155787426998302;low
0.8341666666666666;1.1666666666666663;0.31959957040890785;0.0206166099755892;low
0.8341666666666666;1.3333333333333333;0.33886630986436117;0.0250407817122977;low
0.8341666666666666;1.5;0.3619135028288142;0.0246969038110487;low
0.8341666666666666;1.6666666666666663;0.38293523177746513;0.0277568870198096;low
0.8341666666666666;1.8333333333333333;0.403221821072345;0.0268990333745129;low
0.8341666666666666;2.0;0.421552367989904;0.0333830325921245;low
0.8341666666666666;2.1666666666666665;0.43538931013042986;0.0407073054801109;low
0.8341666666666666;2.333333333333333;0.4451284375030981;0.0423454081764064;low
0.8341666666666666;2.5;0.45574286713393036;0.0492109388612071;low
0.8341666666666666;2.6666666666666665;0.4668152337012422;0.0523966040197249;low
0.8341666666666666;2.833333333333333;0.4780069865730351;0.0538981064798457;low
0.8341666666666666;3.0;0.4855930308957392;0.0602903576778067;low
0.8341666666666666;3.1666666666666665;0.49021293678670486;0.0673481726072643;low
0.8341666666666666;3.333333333333333;0.4954478508509755;0.0665735261971055;low
0.8341666666666666;3.5;0.49792582579152145;0.0692549823249321;low
0.8341666666666666;3.6666666666666665;0.4991617768731817;0.072178094381716;low
0.8341666666666666;3.833333333333333;0.5001660788809675;0.074450113922796;low
0.8341666666666666;4.0;0.5013599016211113;0.0767534133638116;low
0.84;0.0;0.10201308352519253;0.015891388185131;low
0.84;0.1666666666666666;0.13200942425473605;0.0159319983307137;low
0.84;0.3333333333333333;0.16253773136768557;0.0159200890041637;low
0.84;0.5;0.19282664524888596;0.0159246197272458;low
0.84;0.6666666666666666;0.22535604887014268;0.0159261740451144;low
0.84;0.8333333333333333;0.2541273267539946;0.0158710793566581;low
0.84;1.0;0.28408895490826536;0.0163326635346742;low
0.84;1.1666666666666663;0.3087716195814548;0.0212522949499029;low
0.84;1.3333333333333333;0.3288498200330712;0.0267529278609382;low
0.84;1.5;0.35187539610795554;0.0261975302619221;low
0.84;1.6666666666666663;0.37359383387918293;0.0280079354343908;low
0.84;1.8333333333333333;0.39461874934051516;0.0269852507169533;low
0.84;2.0;0.41324643747173967;0.0334881414663466;low
0.84;2.1666666666666665;0.4270692932573111;0.0400440417445408;low
0.84;2.333333333333333;0.43682761416078225;0.0408936562887558;low
0.84;2.5;0.4475841663896828;0.0487886871320103;low
0.84;2.6666666666666665;0.45854994274224425;0.0509619293295341;low
0.84;2.833333333333333;0.46969427848303724;0.051123748793763;low
0.84;3.0;0.47731073857199796;0.0568806786771931;low
0.84;3.1666666666666665;0.48200969996331483;0.0639650910100576;low
0.84;3.333333333333333;0.48707153545913223;0.063110999478131;low
0.84;3.5;0.4882751523152799;0.0646665039259949;low
0.84;3.6666666666666665;0.4887429999136131;0.0663891592247711;low
0.84;3.833333333333333;0.48911425418138355;0.0675821316228238;low
0.84;4.0;0.48976726376578855;0.068806485347463;low
0.84;4.0;0.295976153736;-0.0119114315628;mid
0.825;4.0;0.419126071988;-0.0384344612938;mid
0.808;4.0;0.455416090397;-0.0386125978541;mid
0.787;4.0;0.466629790256;-0.0340606521377;mid
0.763;4.0;0.458417854079;-0.0315853493313999;mid
0.734;4.0;0.4478826025499999;-0.0328046765916;mid
0.7;4.0;0.438414950408;-0.0348406904028;mid
0.84;3.578;0.2720053096729999;-0.0106749876565;mid
0.825;3.578;0.393186166981;-0.0396621279774999;mid
0.808;3.578;0.4252992381919999;-0.0396303161257;mid
0.787;3.578;0.430444351946;-0.0355386492421;mid
0.763;3.578;0.4221446008489999;-0.0342260068108999;mid
0.734;3.578;0.413195883076;-0.0357999544674999;mid
0.7;3.578;0.4051787523119999;-0.037437074381;mid
0.84;3.079;0.26257794676;-0.0146908219228;mid
0.825;3.079;0.360064808949;-0.0409276069035;mid
0.808;3.079;0.3855501958840001;-0.0408010908499;mid
0.787;3.079;0.386402009465;-0.0376664348753999;mid
0.763;3.079;0.3791225709310001;-0.0375589309510999;mid
0.734;3.079;0.372180709974;-0.039170900831;mid
0.7;3.079;0.365809749177;-0.0403186937214;mid
0.84;2.49;0.23669841615;-0.0173801654979;mid
0.825;2.49;0.3161084350979999;-0.0420244448665999;mid
0.808;2.49;0.334672711316;-0.0423558719178;mid
0.787;2.49;0.333553749947;-0.0407012646617;mid
0.763;2.49;0.3284880024609999;-0.0415511340154;mid
0.734;2.49;0.323872564641;-0.0428294649038;mid
0.7;2.49;0.3192975155929999;-0.0435188296279;mid
0.825;1.794;0.25769500857;-0.0428588511442;mid
0.808;1.794;0.271536491553;-0.0446801651696;mid
0.787;1.794;0.271068236893;-0.0447882547903;mid
0.763;1.794;0.269085571197;-0.0459561014742;mid
0.734;1.794;0.266934324542;-0.0467742747738999;mid
0.7;1.794;0.264348768715;-0.0471066503194999;mid
0.84;0.971;0.113190046392;-0.019623701753;mid
0.825;0.971;0.182930904639;-0.0434055186619;mid
0.808;0.971;0.195442923766;-0.0480234156026;mid
0.787;0.971;0.1982007754719999;-0.0496231591581;mid
0.763;0.971;0.199403686421;-0.0506318004445;mid
0.734;0.971;0.199814939628;-0.0511217042442999;mid
0.7;0.971;0.1994678404479999;-0.0511768756106999;mid
0.84;0.0;0.0665256521332999;-0.0299994937539999;mid
0.825;0.0;0.0938130118391999;-0.0440114998625;mid
0.808;0.0;0.105949218549;-0.0519036406022999;mid
0.787;0.0;0.1132921857049999;-0.0548645958002;mid
0.763;0.0;0.117643380622;-0.055748681472;mid
0.734;0.0;0.120839069518;-0.0560065766656;mid
0.7;0.0;0.1230370794889999;-0.0558259253585;mid
0.813;1.216;0.2912198827;-0.07043695798;cfd
0.81;2.488;0.4106943817;-0.06457562188;cfd
0.815;0.469;0.2141478475;-0.07228950167;cfd
0.762;1.09;0.2777656942;-0.07033104477;cfd
0.819;3.47;0.3777581289;-0.04699359425;cfd
0.798;2.641;0.4288082837;-0.06090278971;cfd
0.776;2.416;0.4002336187;-0.05893226571;cfd
0.793;3.237;0.481269933;-0.05666774824;cfd
0.746;0.939;0.2625649783;-0.0710979509;cfd
0.773;1.329;0.3008496599;-0.06846594377;cfd
0.703;3.961;0.5052516566;-0.04861517713;cfd
0.749;2.154;0.3683961533;-0.06205988786;cfd
0.728;3.732;0.4956052597;-0.04893425927;cfd
0.732;1.175;0.2810350495;-0.06922220863;cfd
0.786;1.037;0.2763485822;-0.07074105237;cfd
0.837;1.619;0.174401382;-0.0212773943;cfd
0.768;3.695;0.5112155394;-0.04870613419;cfd
0.718;0.039;0.1843218988;-0.07571642046;cfd
0.781;0.355;0.2133351183;-0.07591129912;cfd
0.708;0.573;0.2280738421;-0.07216160101;cfd
0.823;0.414;0.19053965;-0.06468856734;cfd
0.722;1.737;0.326978922;-0.06536852256;cfd
0.733;2.734;0.4135301982;-0.05765033095;cfd
0.701;0.866;0.2515818411;-0.07019641117;cfd
0.752;0.114;0.1914686655;-0.07666234755;cfd
0.831;1.55;0.1986725048;-0.03349907649;cfd
0.783;0.505;0.2271019864;-0.07484864756;cfd
0.817;3.828;0.404773097;-0.04664953978;cfd
0.765;3.04;0.4516565098;-0.05353533233;cfd
0.751;2.261;0.3782638199;-0.06106256856;cfd
0.72;3.184;0.4472804888;-0.05436958942;cfd
0.804;1.928;0.3630500128;-0.06605079992;cfd
0.825;3.559;0.3624550238;-0.04225417622;cfd
0.739;3.62;0.490626881;-0.04923398108;cfd
0.757;2.933;0.4387693903;-0.05462737684;cfd
0.714;0.698;0.2390343419;-0.07166457854;cfd
0.714;2.807;0.4145223723;-0.05772011449;cfd
0.745;2.105;0.363119092;-0.06257754298;cfd
0.801;3.295;0.4833970117;-0.05872333482;cfd
0.778;1.658;0.3318171703;-0.06554389294;cfd
0.742;1.826;0.3384636055;-0.06483315206;cfd
0.754;1.425;0.3059957377;-0.06782303661;cfd
0.794;1.943;0.3631513814;-0.06405382622;cfd
0.821;0.173;0.1700565979;-0.06643608289;cfd
0.79;3.378;0.4931095374;-0.05513020093;cfd
0.725;2.047;0.3536531327;-0.06325216108;cfd
0.774;2.696;0.4247870299;-0.0565601462;cfd
0.705;3.873;0.4988352722;-0.04925317857;cfd
0.741;0.784;0.2486907822;-0.07198077991;cfd
0.833;1.454;0.1831017035;-0.02981862128;cfd
0.735;2.88;0.4264822653;-0.05627188718;cfd
0.737;0.819;0.2512949382;-0.07164017988;cfd
0.766;2.3;0.3861292321;-0.06008131158;cfd
0.758;3.109;0.4546217345;-0.05301218287;cfd
0.771;2.57;0.4121882369;-0.05756897493;cfd
0.835;0.246;0.187752799;-0.06245669463;cfd
